,mpg,cylinders,displacement,weight,acceleration,model year,origin
count,398.0,398.0,398.0,398.0,398.0,398.0,398.0
mean,23.514572864321615,5.454773869346734,193.42587939698493,2970.424623115578,15.568090452261291,76.01005025125629,1.5728643216080402
std,7.815984312565782,1.7010042445332094,104.26983817119581,846.8417741973271,2.7576889298126757,3.697626646732623,0.8020548777266163
min,9.0,3.0,68.0,1613.0,8.0,70.0,1.0
25%,17.5,4.0,104.25,2223.75,13.825000000000001,73.0,1.0
50%,23.0,4.0,148.5,2803.5,15.5,76.0,1.0
75%,29.0,8.0,262.0,3608.0,17.175,79.0,2.0
max,46.6,8.0,455.0,5140.0,24.8,82.0,3.0
